user_id,owns_home,monthly_rent,monthly_credit_bills,bnpl_utilization_rate,mortgage_status,mortgage_months_left,default_label,connections,defaulter_neighbors,verified_neighbors,upi_balances,emi_status_log,recovery_days,user_posts,sentiment_score,consent_given,income_month_1,income_month_2,income_month_3,income_month_4,income_month_5,income_month_6,expense_month_1,expense_month_2,expense_month_3,expense_month_4,expense_month_5,expense_month_6,income-expense ratio
user_001,1,0,23658,0.09,ongoing,28,0,"user_118, user_002, user_186",0,0,"[28424.38, 2363.9, 29139.3, 23164.8, 1421.35]","[1, 1, 0, 0, 1]",18,"Excited for my bonus!, Feeling stressed about bills., Just got paid!",0.42,TRUE,37270,30860,35390,35191,35734,36265,31968,22866,24788,31555,25490,33081,1.241310649
user_002,0,29871,11862,0.54,ongoing,66,0,"user_130, user_197, user_047, user_131",0,1,"[25786.1, 18633.4, 25230.12, 1073.1, 28165.73]","[1, 1, 0, 0, 1]",21,"Worried about this month's EMI., Excited for my bonus!, Managing finances better now.",-0.08,TRUE,30466,34426,35578,38322,31685,30769,24124,28340,23850,25415,30250,27679,1.260481827
user_003,1,0,18934,0.3,none,0,0,"user_162, user_078",1,1,"[1964.8, 22458.15, 29112.51, 15874.33, 2365.48]","[1, 1, 0, 0, 1]",14,"Feeling stressed about bills., Excited for my bonus!, Managing finances better now.",0.13,FALSE,36949,32433,35311,35051,36420,31184,26819,29328,28378,31046,29442,21333,1.246486151
user_004,1,0,14835,0.2,none,0,0,"user_157, user_052, user_041, user_097, user_197, user_043",0,0,"[15321.45, 24879.63, 11254.78, 23654.89, 14587.21]","[1, 1, 0, 0, 1]",23,"Feeling stressed about bills., Just got paid!, Managing finances better now.",-0.5,TRUE,34555,33385,36396,38666,39274,32558,32385,24150,26766,22711,24853,32693,1.313503342
user_005,1,0,22458,0.51,none,0,0,"user_137, user_001, user_155, user_084, user_127, user_006",0,1,"[28749.63, 14523.69, 8547.12, 19856.32, 26547.89]","[1, 1, 0, 0, 1]",20,"Excited for my bonus!, Managing finances better now., Worried about this month's EMI.",-0.35,TRUE,37849,32047,32747,39167,39998,30189,26212,27479,25408,29977,27715,28942,1.279147582
user_006,0,25874,19856,0.15,none,0,1,"user_005, user_112, user_091, user_135",1,0,"[14523.69, 8547.12, 19856.32, 26547.89, 28749.63]","[1, 1, 0, 0, 1]",25,"Worried about this month's EMI., Just got paid!, Feeling stressed about bills.",-0.23,TRUE,31245,35678,34567,37890,32456,31234,25678,29876,24567,26789,31234,28765,1.21456789
user_007,1,0,11254,0.45,ongoing,120,0,"user_101, user_087, user_154",0,1,"[8547.12, 19856.32, 26547.89, 28749.63, 14523.69]","[1, 1, 0, 0, 1]",10,"Managing finances better now., Just got paid!, Excited for my bonus!",0.65,TRUE,38976,34567,36789,38765,39876,32456,28765,25678,27890,29876,30987,29876,1.309876543
user_008,0,18965,24879,0.67,none,0,1,"user_123, user_045, user_189, user_067",2,0,"[19856.32, 26547.89, 28749.63, 14523.69, 8547.12]","[1, 1, 0, 0, 1]",28,"Feeling stressed about bills., Worried about this month's EMI., Just got paid!",-0.78,FALSE,30123,32456,31234,34567,30987,31456,28765,29876,28765,30987,29876,29876,1.098765432
user_009,1,0,8547,0.25,paid,0,0,"user_089, user_167, user_032",0,2,"[26547.89, 28749.63, 14523.69, 8547.12, 19856.32]","[1, 1, 0, 0, 1]",12,"Just got paid!, Excited for my bonus!, Managing finances better now.",0.87,TRUE,39876,38765,37890,39654,38765,39876,29876,28765,27890,29876,28765,29876,1.345678901
user_010,0,36547,14523,0.34,none,0,0,"user_197, user_056, user_143",0,1,"[28749.63, 14523.69, 8547.12, 19856.32, 26547.89]","[1, 1, 0, 0, 1]",15,"Managing finances better now., Just got paid!, Feeling stressed about bills.",0.12,TRUE,34567,36543,35432,36543,34567,35432,28765,29876,28765,29876,28765,28765,1.23456789
user_011,1,0,19856,0.12,ongoing,240,0,"user_111, user_022, user_133",0,1,"[14523.69, 8547.12, 19856.32, 26547.89, 28749.63]","[1, 1, 0, 0, 1]",8,"Excited for my bonus!, Just got paid!, Managing finances better now.",0.92,FALSE,38765,39876,38765,39876,38765,39876,28765,29876,28765,29876,28765,28765,1.356789012
user_012,0,17589,23654,0.78,none,0,1,"user_098, user_176, user_054",3,0,"[8547.12, 19856.32, 26547.89, 28749.63, 14523.69]","[1, 1, 0, 0, 1]",30,"Feeling stressed about bills., Worried about this month's EMI., Just got paid!",-0.98,TRUE,30123,31234,30123,31234,30123,31234,29876,28765,29876,28765,29876,28765,1.045678901
user_013,1,0,14587,0.05,paid,0,0,"user_031, user_187, user_099",0,3,"[19856.32, 26547.89, 28749.63, 14523.69, 8547.12]","[1, 1, 0, 0, 1]",5,"Just got paid!, Excited for my bonus!, Managing finances better now.",0.99,TRUE,39876,39876,39876,39876,39876,39876,28765,28765,28765,28765,28765,28765,1.387654321
user_014,0,38541,17548,0.28,none,0,0,"user_140, user_065, user_121",0,1,"[26547.89, 28749.63, 14523.69, 8547.12, 19856.32]","[1, 1, 0, 0, 1]",18,"Managing finances better now., Just got paid!, Feeling stressed about bills.",0.21,FALSE,35432,36543,35432,36543,35432,36543,28765,29876,28765,29876,28765,28765,1.245678901
user_015,1,0,24879,0.56,ongoing,180,1,"user_150, user_076, user_198",1,0,"[28749.63, 14523.69, 8547.12, 19856.32, 26547.89]","[1, 1, 0, 0, 1]",22,"Worried about this month's EMI., Feeling stressed about bills., Just got paid!",-0.56,TRUE,32109,34321,32109,34321,32109,34321,29876,28765,29876,28765,29876,28765,1.123456789
user_016,0,24879,11254,0.43,none,0,1,"user_160, user_088, user_110",2,0,"[14523.69, 8547.12, 19856.32, 26547.89, 28749.63]","[1, 1, 0, 0, 1]",26,"Feeling stressed about bills., Worried about this month's EMI., Just got paid!",-0.87,TRUE,31234,32345,31234,32345,31234,32345,29876,28765,29876,28765,29876,28765,1.087654321
user_017,1,0,17548,0.18,paid,0,0,"user_170, user_099, user_128",0,2,"[8547.12, 19856.32, 26547.89, 28749.63, 14523.69]","[1, 1, 0, 0, 1]",9,"Just got paid!, Excited for my bonus!, Managing finances better now.",0.78,FALSE,38765,37654,38765,37654,38765,37654,28765,27654,28765,27654,28765,27654,1.345678901
user_018,0,19856,23654,0.39,none,0,0,"user_180, user_043, user_157",0,1,"[19856.32, 26547.89, 28749.63, 14523.69, 8547.12]","[1, 1, 0, 0, 1]",16,"Managing finances better now., Just got paid!, Feeling stressed about bills.",0.32,TRUE,36543,35432,36543,35432,36543,35432,29876,28765,29876,28765,29876,28765,1.245678901
user_019,1,0,14587,0.23,ongoing,60,0,"user_190, user_081, user_139",1,1,"[26547.89, 28749.63, 14523.69, 8547.12, 19856.32]","[1, 1, 0, 0, 1]",19,"Just got paid!, Worried about this month's EMI., Managing finances better now.",-0.1,TRUE,37654,36543,37654,36543,37654,36543,28765,29876,28765,29876,28765,29876,1.287654321
user_020,0,34587,17548,0.5,none,0,1,"user_021, user_102, user_165",2,0,"[28749.63, 14523.69, 8547.12, 19856.32, 26547.89]","[1, 1, 0, 0, 1]",24,"Feeling stressed about bills., Worried about this month's EMI., Just got paid!",-0.65,FALSE,33456,34567,33456,34567,33456,34567,29876,28765,29876,28765,29876,28765,1.156789012
user_021,1,0,24879,0.17,paid,0,0,"user_020, user_122, user_086",0,2,"[14523.69, 8547.12, 19856.32, 26547.89, 28749.63]","[1, 1, 0, 0, 1]",11,"Just got paid!, Excited for my bonus!, Managing finances better now.",0.88,TRUE,38976,39876,38976,39876,38976,39876,28765,29876,28765,29876,28765,29876,1.356789012
user_022,0,21234,14587,0.32,none,0,0,"user_021, user_132, user_076",0,1,"[8547.12, 19856.32, 26547.89, 28749.63, 14523.69]","[1, 1, 0, 0, 1]",17,"Managing finances better now., Just got paid!, Feeling stressed about bills.",0.25,TRUE,36543,37654,36543,37654,36543,37654,29876,28765,29876,28765,29876,28765,1.245678901
user_023,1,0,17548,0.48,ongoing,150,1,"user_197, user_083, user_145",1,0,"[19856.32, 26547.89, 28749.63, 14523.69, 8547.12]","[1, 1, 0, 0, 1]",23,"Worried about this month's EMI., Feeling stressed about bills., Just got paid!",-0.48,FALSE,34321,35432,34321,35432,34321,35432,29876,28765,29876,28765,29876,28765,1.156789012
user_024,0,37890,23654,0.65,none,0,1,"user_124, user_064, user_188",2,0,"[26547.89, 28749.63, 14523.69, 8547.12, 19856.32]","[1, 1, 0, 0, 1]",29,"Feeling stressed about bills., Worried about this month's EMI., Just got paid!",-0.89,TRUE,31234,32345,31234,32345,31234,32345,29876,28765,29876,28765,29876,28765,1.087654321
user_025,1,0,11254,0.1,paid,0,0,"user_026, user_156, user_096",0,3,"[28749.63, 14523.69, 8547.12, 19856.32, 26547.89]","[1, 1, 0, 0, 1]",6,"Just got paid!, Excited for my bonus!, Managing finances better now.",0.95,TRUE,39876,38765,39876,38765,39876,38765,28765,29876,28765,29876,28765,29876,1.356789012
user_026,0,15678,19856,0.29,none,0,0,"user_025, user_146, user_066",0,1,"[14523.69, 8547.12, 19856.32, 26547.89, 28749.63]","[1, 1, 0, 0, 1]",14,"Managing finances better now., Just got paid!, Feeling stressed about bills.",0.29,FALSE,37654,36543,37654,36543,37654,36543,29876,28765,29876,28765,29876,28765,1.245678901
user_027,1,0,23654,0.58,ongoing,210,1,"user_127, user_087, user_169",1,0,"[8547.12, 19856.32, 26547.89, 28749.63, 14523.69]","[1, 1, 0, 0, 1]",21,"Worried about this month's EMI., Feeling stressed about bills., Just got paid!",-0.58,TRUE,33210,34321,33210,34321,33210,34321,29876,28765,29876,28765,29876,28765,1.123456789
user_028,0,31234,22458,0.41,none,0,1,"user_128, user_078, user_158",2,0,"[19856.32, 26547.89, 28749.63, 14523.69, 8547.12]","[1, 1, 0, 0, 1]",27,"Feeling stressed about bills., Worried about this month's EMI., Just got paid!",-0.81,FALSE,32345,31234,32345,31234,32345,31234,29876,28765,29876,28765,29876,28765,1.087654321
user_029,1,0,14587,0.21,paid,0,0,"user_129, user_089, user_179",0,2,"[26547.89, 28749.63, 14523.69, 8547.12, 19856.32]","[1, 1, 0, 0, 1]",13,"Just got paid!, Excited for my bonus!, Managing finances better now.",0.81,TRUE,38765,39876,38765,39876,38765,39876,28765,29876,28765,29876,28765,29876,1.356789012
user_030,0,18965,21234,0.36,none,0,0,"user_130, user_090, user_160",0,1,"[28749.63, 14523.69, 8547.12, 19856.32, 26547.89]","[1, 1, 0, 0, 1]",18,"Managing finances better now., Just got paid!, Feeling stressed about bills.",0.36,TRUE,36543,37654,36543,37654,36543,37654,29876,28765,29876,28765,29876,28765,1.245678901
user_031,1,0,17548,0.52,ongoing,12,1,"user_013, user_131, user_091",1,0,"[14523.69, 8547.12, 19856.32, 26547.89, 28749.63]","[1, 1, 0, 0, 1]",20,"Worried about this month's EMI., Feeling stressed about bills., Just got paid!",-0.52,FALSE,35432,34321,35432,34321,35432,34321,29876,28765,29876,28765,29876,28765,1.123456789
user_032,0,28749,24879,0.71,none,0,1,"user_009, user_132, user_092",2,0,"[8547.12, 19856.32, 26547.89, 28749.63, 14523.69]","[1, 1, 0, 0, 1]",26,"Feeling stressed about bills., Worried about this month's EMI., Just got paid!",-0.91,TRUE,31234,32345,31234,32345,31234,32345,29876,28765,29876,28765,29876,28765,1.087654321
user_033,1,0,11254,0.14,paid,0,0,"user_133, user_093, user_193",0,3,"[19856.32, 26547.89, 28749.63, 14523.69, 8547.12]","[1, 1, 0, 0, 1]",7,"Just got paid!, Excited for my bonus!, Managing finances better now.",0.94,TRUE,39876,38765,39876,38765,39876,38765,28765,29876,28765,29876,28765,29876,1.356789012
user_034,0,39856,17548,0.26,none,0,0,"user_134, user_094, user_184",0,1,"[26547.89, 28749.63, 14523.69, 8547.12, 19856.32]","[1, 1, 0, 0, 1]",15,"Managing finances better now., Just got paid!, Feeling stressed about bills.",0.26,FALSE,37654,36543,37654,36543,37654,36543,29876,28765,29876,28765,29876,28765,1.245678901
user_035,1,0,22458,0.61,ongoing,18,1,"user_135, user_095, user_175",1,0,"[28749.63, 14523.69, 8547.12, 19856.32, 26547.89]","[1, 1, 0, 0, 1]",22,"Worried about this month's EMI., Feeling stressed about bills., Just got paid!",-0.61,TRUE,34321,33210,34321,33210,34321,33210,29876,28765,29876,28765,29876,28765,1.123456789
user_036,0,24879,23654,0.45,none,0,1,"user_136, user_096, user_166",2,0,"[14523.69, 8547.12, 19856.32, 26547.89, 28749.63]","[1, 1, 0, 0, 1]",28,"Feeling stressed about bills., Worried about this month's EMI., Just got paid!",-0.85,FALSE,32345,31234,32345,31234,32345,31234,29876,28765,29876,28765,29876,28765,1.087654321
user_037,1,0,14587,0.24,paid,0,0,"user_137, user_097, user_157",0,2,"[8547.12, 19856.32, 26547.89, 28749.63, 14523.69]","[1, 1, 0, 0, 1]",12,"Just got paid!, Excited for my bonus!, Managing finances better now.",0.84,TRUE,38765,39876,38765,39876,38765,39876,28765,29876,28765,29876,28765,29876,1.356789012
user_038,0,31234,21234,0.38,none,0,0,"user_138, user_098, user_148",0,1,"[19856.32, 26547.89, 28749.63, 14523.69, 8547.12]","[1, 1, 0, 0, 1]",17,"Managing finances better now., Just got paid!, Feeling stressed about bills.",0.38,TRUE,36543,37654,36543,37654,36543,37654,29876,28765,29876,28765,29876,28765,1.245678901
user_039,1,0,17548,0.55,ongoing,24,1,"user_139, user_099, user_139",1,0,"[26547.89, 28749.63, 14523.69, 8547.12, 19856.32]","[1, 1, 0, 0, 1]",21,"Worried about this month's EMI., Feeling stressed about bills., Just got paid!",-0.55,FALSE,35432,34321,35432,34321,35432,34321,29876,28765,29876,28765,29876,28765,1.123456789
user_040,0,20145,24879,0.75,none,0,1,"user_140, user_100, user_120",2,0,"[28749.63, 14523.69, 8547.12, 19856.32, 26547.89]","[1, 1, 0, 0, 1]",27,"Feeling stressed about bills., Worried about this month's EMI., Just got paid!",-0.95,TRUE,31234,32345,31234,32345,31234,32345,29876,28765,29876,28765,29876,28765,1.087654321
user_041,1,0,11254,0.11,paid,0,0,"user_004, user_141, user_101",0,3,"[14523.69, 8547.12, 19856.32, 26547.89, 28749.63]","[1, 1, 0, 0, 1]",8,"Just got paid!, Excited for my bonus!, Managing finances better now.",0.91,TRUE,39876,38765,39876,38765,39876,38765,28765,29876,28765,29876,28765,29876,1.356789012
user_042,0,38745,17548,0.22,none,0,0,"user_142, user_102, user_112",0,1,"[8547.12, 19856.32, 26547.89, 28749.63, 14523.69]","[1, 1, 0, 0, 1]",16,"Managing finances better now., Just got paid!, Feeling stressed about bills.",0.22,FALSE,37654,36543,37654,36543,37654,36543,29876,28765,29876,28765,29876,28765,1.245678901
user_043,1,0,22458,0.63,ongoing,30,1,"user_004, user_143, user_103",1,0,"[19856.32, 26547.89, 28749.63, 14523.69, 8547.12]","[1, 1, 0, 0, 1]",23,"Worried about this month's EMI., Feeling stressed about bills., Just got paid!",-0.63,TRUE,34321,33210,34321,33210,34321,33210,29876,28765,29876,28765,29876,28765,1.123456789
user_044,0,27896,23654,0.48,none,0,1,"user_144, user_104, user_124",2,0,"[26547.89, 28749.63, 14523.69, 8547.12, 19856.32]","[1, 1, 0, 0, 1]",29,"Feeling stressed about bills., Worried about this month's EMI., Just got paid!",-0.88,FALSE,32345,31234,32345,31234,32345,31234,29876,28765,29876,28765,29876,28765,1.087654321
user_045,1,0,14587,0.19,paid,0,0,"user_008, user_145, user_105",0,3,"[28749.63, 14523.69, 8547.12, 19856.32, 26547.89]","[1, 1, 0, 0, 1]",9,"Just got paid!, Excited for my bonus!, Managing finances better now.",0.89,TRUE,38765,39876,38765,39876,38765,39876,28765,29876,28765,29876,28765,29876,1.356789012
user_046,0,18965,21234,0.33,none,0,0,"user_146, user_106, user_136",0,1,"[14523.69, 8547.12, 19856.32, 26547.89, 28749.63]","[1, 1, 0, 0, 1]",18,"Managing finances better now., Just got paid!, Feeling stressed about bills.",0.33,TRUE,36543,37654,36543,37654,36543,37654,29876,28765,29876,28765,29876,28765,1.245678901
user_047,1,0,17548,0.58,ongoing,36,1,"user_002, user_147, user_107",1,0,"[8547.12, 19856.32, 26547.89, 28749.63, 14523.69]","[1, 1, 0, 0, 1]",22,"Worried about this month's EMI., Feeling stressed about bills., Just got paid!",-0.58,FALSE,35432,34321,35432,34321,35432,34321,29876,28765,29876,28765,29876,28765,1.123456789
user_048,0,24879,24879,0.78,none,0,1,"user_148, user_108, user_128",2,0,"[19856.32, 26547.89, 28749.63, 14523.69, 8547.12]","[1, 1, 0, 0, 1]",28,"Feeling stressed about bills., Worried about this month's EMI., Just got paid!",-0.98,TRUE,31234,32345,31234,32345,31234,32345,29876,28765,29876,28765,29876,28765,1.087654321
user_049,1,0,11254,0.16,paid,0,0,"user_149, user_109, user_119",0,3,"[26547.89, 28749.63, 14523.69, 8547.12, 19856.32]","[1, 1, 0, 0, 1]",10,"Just got paid!, Excited for my bonus!, Managing finances better now.",0.86,TRUE,39876,38765,39876,38765,39876,38765,28765,29876,28765,29876,28765,29876,1.356789012
user_050,0,37890,17548,0.29,none,0,0,"user_150, user_110, user_140",0,1,"[28749.63, 14523.69, 8547.12, 19856.32, 26547.89]","[1, 1, 0, 0, 1]",17,"Managing finances better now., Just got paid!, Feeling stressed about bills.",0.29,FALSE,37654,36543,37654,36543,37654,36543,29876,28765,29876,28765,29876,28765,1.245678901
user_051,1,0,22458,0.66,ongoing,42,1,"user_151, user_111, user_131",1,0,"[14523.69, 8547.12, 19856.32, 26547.89, 28749.63]","[1, 1, 0, 0, 1]",24,"Worried about this month's EMI., Feeling stressed about bills., Just got paid!",-0.66,TRUE,34321,33210,34321,33210,34321,33210,29876,28765,29876,28765,29876,28765,1.123456789
user_052,0,21234,23654,0.51,none,0,1,"user_004, user_152, user_112",2,0,"[8547.12, 19856.32, 26547.89, 28749.63, 14523.69]","[1, 1, 0, 0, 1]",30,"Feeling stressed about bills., Worried about this month's EMI., Just got paid!",-0.91,FALSE,32345,31234,32345,31234,32345,31234,29876,28765,29876,28765,29876,28765,1.087654321
user_053,1,0,14587,0.13,paid,0,0,"user_153, user_113, user_103",0,3,"[19856.32, 26547.89, 28749.63, 14523.69, 8547.12]","[1, 1, 0, 0, 1]",11,"Just got paid!, Excited for my bonus!, Managing finances better now.",0.83,TRUE,38765,39876,38765,39876,38765,39876,28765,29876,28765,29876,28765,29876,1.356789012
user_054,0,36547,17548,0.25,none,0,0,"user_012, user_154, user_114",0,1,"[26547.89, 28749.63, 14523.69, 8547.12, 19856.32]","[1, 1, 0, 0, 1]",19,"Managing finances better now., Just got paid!, Feeling stressed about bills.",0.25,TRUE,37654,36543,37654,36543,37654,36543,29876,28765,29876,28765,29876,28765,1.245678901
user_055,1,0,22458,0.69,ongoing,48,1,"user_005, user_155, user_115",1,0,"[28749.63, 14523.69, 8547.12, 19856.32, 26547.89]","[1, 1, 0, 0, 1]",25,"Worried about this month's EMI., Feeling stressed about bills., Just got paid!",-0.69,FALSE,34321,33210,34321,33210,34321,33210,29876,28765,29876,28765,29876,28765,1.123456789
user_056,0,19856,23654,0.54,none,0,1,"user_010, user_156, user_116",2,0,"[14523.69, 8547.12, 19856.32, 26547.89, 28749.63]","[1, 1, 0, 0, 1]",31,"Feeling stressed about bills., Worried about this month's EMI., Just got paid!",-0.94,TRUE,32345,31234,32345,31234,32345,31234,29876,28765,29876,28765,29876,28765,1.087654321
user_057,1,0,14587,0.11,paid,0,0,"user_157, user_117, user_107",0,3,"[8547.12, 19856.32, 26547.89, 28749.63, 14523.69]","[1, 1, 0, 0, 1]",12,"Just got paid!, Excited for my bonus!, Managing finances better now.",0.81,TRUE,38765,39876,38765,39876,38765,39876,28765,29876,28765,29876,28765,29876,1.356789012
user_058,0,35412,17548,0.22,none,0,0,"user_158, user_118, user_128",0,1,"[19856.32, 26547.89, 28749.63, 14523.69, 8547.12]","[1, 1, 0, 0, 1]",20,"Managing finances better now., Just got paid!, Feeling stressed about bills.",0.22,FALSE,37654,36543,37654,36543,37654,36543,29876,28765,29876,28765,29876,28765,1.245678901
user_059,1,0,22458,0.72,ongoing,54,1,"user_159, user_119, user_139",1,0,"[26547.89, 28749.63, 14523.69, 8547.12, 19856.32]","[1, 1, 0, 0, 1]",26,"Worried about this month's EMI., Feeling stressed about bills., Just got paid!",-0.72,TRUE,34321,33210,34321,33210,34321,33210,29876,28765,29876,28765,29876,28765,1.123456789
user_060,0,18654,23654,0.57,none,0,1,"user_160, user_120, user_150",2,0,"[28749.63, 14523.69, 8547.12, 19856.32, 26547.89]","[1, 1, 0, 0, 1]",32,"Feeling stressed about bills., Worried about this month's EMI., Just got paid!",-0.97,FALSE,32345,31234,32345,31234,32345,31234,29876,28765,29876,28765,29876,28765,1.087654321
user_061,1,0,14587,0.09,paid,0,0,"user_161, user_121, user_111",0,3,"[14523.69, 8547.12, 19856.32, 26547.89, 28749.63]","[1, 1, 0, 0, 1]",13,"Just got paid!, Excited for my bonus!, Managing finances better now.",0.79,TRUE,38765,39876,38765,39876,38765,39876,28765,29876,28765,29876,28765,29876,1.356789012
user_062,0,34215,17548,0.19,none,0,0,"user_162, user_122, user_132",0,1,"[8547.12, 19856.32, 26547.89, 28749.63, 14523.69]","[1, 1, 0, 0, 1]",21,"Managing finances better now., Just got paid!, Feeling stressed about bills.",0.19,TRUE,37654,36543,37654,36543,37654,36543,29876,28765,29876,28765,29876,28765,1.245678901
user_063,1,0,22458,0.75,ongoing,60,1,"user_163, user_123, user_143",1,0,"[19856.32, 26547.89, 28749.63, 14523.69, 8547.12]","[1, 1, 0, 0, 1]",27,"Worried about this month's EMI., Feeling stressed about bills., Just got paid!",-0.75,FALSE,34321,33210,34321,33210,34321,33210,29876,28765,29876,28765,29876,28765,1.123456789
user_064,0,17548,23654,0.6,none,0,1,"user_024, user_164, user_124",2,0,"[26547.89, 28749.63, 14523.69, 8547.12, 19856.32]","[1, 1, 0, 0, 1]",33,"Feeling stressed about bills., Worried about this month's EMI., Just got paid!",-1,TRUE,32345,31234,32345,31234,32345,31234,29876,28765,29876,28765,29876,28765,1.087654321
user_065,1,0,14587,0.07,paid,0,0,"user_197, user_165, user_115",0,3,"[28749.63, 14523.69, 8547.12, 19856.32, 26547.89]","[1, 1, 0, 0, 1]",14,"Just got paid!, Excited for my bonus!, Managing finances better now.",0.77,TRUE,38765,39876,38765,39876,38765,39876,28765,29876,28765,29876,28765,29876,1.356789012
user_066,0,33124,17548,0.16,none,0,0,"user_026, user_166, user_136",0,1,"[14523.69, 8547.12, 19856.32, 26547.89, 28749.63]","[1, 1, 0, 0, 1]",22,"Managing finances better now., Just got paid!, Feeling stressed about bills.",0.16,FALSE,37654,36543,37654,36543,37654,36543,29876,28765,29876,28765,29876,28765,1.245678901
user_067,1,0,22458,0.78,ongoing,66,1,"user_008, user_167, user_147",1,0,"[8547.12, 19856.32, 26547.89, 28749.63, 14523.69]","[1, 1, 0, 0, 1]",28,"Worried about this month's EMI., Feeling stressed about bills., Just got paid!",-0.78,TRUE,34321,33210,34321,33210,34321,33210,29876,28765,29876,28765,29876,28765,1.123456789
user_068,0,16457,23654,0.63,none,0,1,"user_168, user_128, user_158",2,0,"[19856.32, 26547.89, 28749.63, 14523.69, 8547.12]","[1, 1, 0, 0, 1]",34,"Feeling stressed about bills., Worried about this month's EMI., Just got paid!",-1.03,FALSE,32345,31234,32345,31234,32345,31234,29876,28765,29876,28765,29876,28765,1.087654321
user_069,1,0,14587,0.05,paid,0,0,"user_169, user_129, user_119",0,3,"[26547.89, 28749.63, 14523.69, 8547.12, 19856.32]","[1, 1, 0, 0, 1]",15,"Just got paid!, Excited for my bonus!, Managing finances better now.",0.75,TRUE,38765,39876,38765,39876,38765,39876,28765,29876,28765,29876,28765,29876,1.356789012
user_070,0,32145,17548,0.13,none,0,0,"user_170, user_130, user_140",0,1,"[28749.63, 14523.69, 8547.12, 19856.32, 26547.89]","[1, 1, 0, 0, 1]",23,"Managing finances better now., Just got paid!, Feeling stressed about bills.",0.13,TRUE,37654,36543,37654,36543,37654,36543,29876,28765,29876,28765,29876,28765,1.245678901
user_071,1,0,22458,0.81,ongoing,72,1,"user_171, user_131, user_151",1,0,"[14523.69, 8547.12, 19856.32, 26547.89, 28749.63]","[1, 1, 0, 0, 1]",29,"Worried about this month's EMI., Feeling stressed about bills., Just got paid!",-0.81,FALSE,34321,33210,34321,33210,34321,33210,29876,28765,29876,28765,29876,28765,1.123456789
user_072,0,15369,23654,0.66,none,0,1,"user_172, user_132, user_162",2,0,"[8547.12, 19856.32, 26547.89, 28749.63, 14523.69]","[1, 1, 0, 0, 1]",35,"Feeling stressed about bills., Worried about this month's EMI., Just got paid!",-1.06,TRUE,32345,31234,32345,31234,32345,31234,29876,28765,29876,28765,29876,28765,1.087654321
user_073,1,0,14587,0.03,paid,0,0,"user_173, user_133, user_123",0,3,"[19856.32, 26547.89, 28749.63, 14523.69, 8547.12]","[1, 1, 0, 0, 1]",16,"Just got paid!, Excited for my bonus!, Managing finances better now.",0.73,TRUE,38765,39876,38765,39876,38765,39876,28765,29876,28765,29876,28765,29876,1.356789012
user_074,0,31245,17548,0.1,none,0,0,"user_174, user_134, user_144",0,1,"[26547.89, 28749.63, 14523.69, 8547.12, 19856.32]","[1, 1, 0, 0, 1]",24,"Managing finances better now., Just got paid!, Feeling stressed about bills.",0.1,FALSE,37654,36543,37654,36543,37654,36543,29876,28765,29876,28765,29876,28765,1.245678901
user_075,1,0,22458,0.84,ongoing,78,1,"user_175, user_135, user_155",1,0,"[28749.63, 14523.69, 8547.12, 19856.32, 26547.89]","[1, 1, 0, 0, 1]",30,"Worried about this month's EMI., Feeling stressed about bills., Just got paid!",-0.84,TRUE,34321,33210,34321,33210,34321,33210,29876,28765,29876,28765,29876,28765,1.123456789
user_076,0,15248,23654,0.69,none,0,1,"user_015, user_176, user_166",2,0,"[14523.69, 8547.12, 19856.32, 26547.89, 28749.63]","[1, 1, 0, 0, 1]",36,"Feeling stressed about bills., Worried about this month's EMI., Just got paid!",-1.09,TRUE,32345,31234,32345,31234,32345,31234,29876,28765,29876,28765,29876,28765,1.087654321
user_077,1,0,14587,0.01,paid,0,0,"user_177, user_137, user_127",0,3,"[8547.12, 19856.32, 26547.89, 28749.63, 14523.69]","[1, 1, 0, 0, 1]",17,"Just got paid!, Excited for my bonus!, Managing finances better now.",0.71,FALSE,38765,39876,38765,39876,38765,39876,28765,29876,28765,29876,28765,29876,1.356789012
user_078,0,30158,17548,0.07,none,0,0,"user_003, user_178, user_148",0,1,"[19856.32, 26547.89, 28749.63, 14523.69, 8547.12]","[1, 1, 0, 0, 1]",25,"Managing finances better now., Just got paid!, Feeling stressed about bills.",0.07,TRUE,37654,36543,37654,36543,37654,36543,29876,28765,29876,28765,29876,28765,1.245678901
user_079,1,0,22458,0.87,ongoing,84,1,"user_179, user_139, user_159",1,0,"[26547.89, 28749.63, 14523.69, 8547.12, 19856.32]","[1, 1, 0, 0, 1]",31,"Worried about this month's EMI., Feeling stressed about bills., Just got paid!",-0.87,TRUE,34321,33210,34321,33210,34321,33210,29876,28765,29876,28765,29876,28765,1.123456789
user_080,0,15162,23654,0.72,none,0,1,"user_180, user_140, user_170",2,0,"[28749.63, 14523.69, 8547.12, 19856.32, 26547.89]","[1, 1, 0, 0, 1]",37,"Feeling stressed about bills., Worried about this month's EMI., Just got paid!",-1.12,FALSE,32345,31234,32345,31234,32345,31234,29876,28765,29876,28765,29876,28765,1.087654321
user_081,1,0,14587,0,paid,0,0,"user_197, user_181, user_131",0,3,"[14523.69, 8547.12, 19856.32, 26547.89, 28749.63]","[1, 1, 0, 0, 1]",18,"Just got paid!, Excited for my bonus!, Managing finances better now.",0.69,TRUE,38765,39876,38765,39876,38765,39876,28765,29876,28765,29876,28765,29876,1.356789012
user_082,0,29071,17548,0.04,none,0,0,"user_182, user_142, user_152",0,1,"[8547.12, 19856.32, 26547.89, 28749.63, 14523.69]","[1, 1, 0, 0, 1]",26,"Managing finances better now., Just got paid!, Feeling stressed about bills.",0.04,TRUE,37654,36543,37654,36543,37654,36543,29876,28765,29876,28765,29876,28765,1.245678901
user_083,1,0,22458,0.9,ongoing,90,1,"user_197, user_183, user_163",1,0,"[19856.32, 26547.89, 28749.63, 14523.69, 8547.12]","[1, 1, 0, 0, 1]",32,"Worried about this month's EMI., Feeling stressed about bills., Just got paid!",-0.9,FALSE,34321,33210,34321,33210,34321,33210,29876,28765,29876,28765,29876,28765,1.123456789
user_084,0,15075,23654,0.75,none,0,1,"user_005, user_184, user_174",2,0,"[26547.89, 28749.63, 14523.69, 8547.12, 19856.32]","[1, 1, 0, 0, 1]",38,"Feeling stressed about bills., Worried about this month's EMI., Just got paid!",-1.15,TRUE,32345,31234,32345,31234,32345,31234,29876,28765,29876,28765,29876,28765,1.087654321
user_085,1,0,14587,0,paid,0,0,"user_185, user_145, user_135",0,3,"[28749.63, 14523.69, 8547.12, 19856.32, 26547.89]","[1, 1, 0, 0, 1]",19,"Just got paid!, Excited for my bonus!, Managing finances better now.",0.67,TRUE,38765,39876,38765,39876,38765,39876,28765,29876,28765,29876,28765,29876,1.356789012
user_086,0,27984,17548,0.01,none,0,0,"user_021, user_186, user_156",0,1,"[14523.69, 8547.12, 19856.32, 26547.89, 28749.63]","[1, 1, 0, 0, 1]",27,"Managing finances better now., Just got paid!, Feeling stressed about bills.",0.01,FALSE,37654,36543,37654,36543,37654,36543,29876,28765,29876,28765,29876,28765,1.245678901
user_087,1,0,22458,0.93,ongoing,96,1,"user_007, user_187, user_167",1,0,"[8547.12, 19856.32, 26547.89, 28749.63, 14523.69]","[1, 1, 0, 0, 1]",33,"Worried about this month's EMI., Feeling stressed about bills., Just got paid!",-0.93,TRUE,34321,33210,34321,33210,34321,33210,29876,28765,29876,28765,29876,28765,1.123456789
user_088,0,14988,23654,0.78,none,0,1,"user_016, user_188, user_178",2,0,"[19856.32, 26547.89, 28749.63, 14523.69, 8547.12]","[1, 1, 0, 0, 1]",39,"Feeling stressed about bills., Worried about this month's EMI., Just got paid!",-1.18,TRUE,32345,31234,32345,31234,32345,31234,29876,28765,29876,28765,29876,28765,1.087654321
user_089,1,0,14587,0,paid,0,0,"user_009, user_189, user_149",0,3,"[26547.89, 28749.63, 14523.69, 8547.12, 19856.32]","[1, 1, 0, 0, 1]",20,"Just got paid!, Excited for my bonus!, Managing finances better now.",0.65,FALSE,38765,39876,38765,39876,38765,39876,28765,29876,28765,29876,28765,29876,1.356789012
user_090,0,26897,17548,0,none,0,0,"user_030, user_190, user_160",0,1,"[28749.63, 14523.69, 8547.12, 19856.32, 26547.89]","[1, 1, 0, 0, 1]",28,"Managing finances better now., Just got paid!, Feeling stressed about bills.",0,TRUE,37654,36543,37654,36543,37654,36543,29876,28765,29876,28765,29876,28765,1.245678901
user_091,1,0,22458,0.96,ongoing,102,1,"user_006, user_191, user_171",1,0,"[14523.69, 8547.12, 19856.32, 26547.89, 28749.63]","[1, 1, 0, 0, 1]",34,"Worried about this month's EMI., Feeling stressed about bills., Just got paid!",-0.96,TRUE,34321,33210,34321,33210,34321,33210,29876,28765,29876,28765,29876,28765,1.123456789
user_092,0,14901,23654,0.81,none,0,1,"user_032, user_192, user_182",2,0,"[8547.12, 19856.32, 26547.89, 28749.63, 14523.69]","[1, 1, 0, 0, 1]",40,"Feeling stressed about bills., Worried about this month's EMI., Just got paid!",-1.21,TRUE,32345,31234,32345,31234,32345,31234,29876,28765,29876,28765,29876,28765,1.087654321
user_093,1,0,14587,0,paid,0,0,"user_033, user_193, user_153",0,3,"[19856.32, 26547.89, 28749.63, 14523.69, 8547.12]","[1, 1, 0, 0, 1]",21,"Just got paid!, Excited for my bonus!, Managing finances better now.",0.63,FALSE,38765,39876,38765,39876,38765,39876,28765,29876,28765,29876,28765,29876,1.356789012
user_094,0,25810,17548,0,none,0,0,"user_034, user_194, user_164",0,1,"[26547.89, 28749.63, 14523.69, 8547.12, 19856.32]","[1, 1, 0, 0, 1]",29,"Managing finances better now., Just got paid!, Feeling stressed about bills.",0,TRUE,37654,36543,37654,36543,37654,36543,29876,28765,29876,28765,29876,28765,1.245678901
user_095,1,0,22458,0.99,ongoing,108,1,"user_035, user_195, user_175",1,0,"[28749.63, 14523.69, 8547.12, 19856.32, 26547.89]","[1, 1, 0, 0, 1]",35,"Worried about this month's EMI., Feeling stressed about bills., Just got paid!",-0.99,TRUE,34321,33210,34321,33210,34321,33210,29876,28765,29876,28765,29876,28765,1.123456789
user_096,0,14814,23654,0.84,none,0,1,"user_025, user_196, user_186",2,0,"[14523.69, 8547.12, 19856.32, 26547.89, 28749.63]","[1, 1, 0, 0, 1]",41,"Feeling stressed about bills., Worried about this month's EMI., Just got paid!",-1.24,FALSE,32345,31234,32345,31234,32345,31234,29876,28765,29876,28765,29876,28765,1.087654321
user_097,1,0,14587,0,paid,0,0,"user_004, user_197, user_157",0,3,"[8547.12, 19856.32, 26547.89, 28749.63, 14523.69]","[1, 1, 0, 0, 1]",22,"Just got paid!, Excited for my bonus!, Managing finances better now.",0.61,TRUE,38765,39876,38765,39876,38765,39876,28765,29876,28765,29876,28765,29876,1.356789012
user_098,0,24723,17548,0,none,0,0,"user_012, user_198, user_168",0,1,"[19856.32, 26547.89, 28749.63, 14523.69, 8547.12]","[1, 1, 0, 0, 1]",30,"Managing finances better now., Just got paid!, Feeling stressed about bills.",0,TRUE,37654,36543,37654,36543,37654,36543,29876,28765,29876,28765,29876,28765,1.245678901
user_099,1,0,22458,1.02,ongoing,114,1,"user_013, user_199, user_179",1,0,"[26547.89, 28749.63, 14523.69, 8547.12, 19856.32]","[1, 1, 0, 0, 1]",36,"Worried about this month's EMI., Feeling stressed about bills., Just got paid!",-1.02,TRUE,34321,33210,34321,33210,34321,33210,29876,28765,29876,28765,29876,28765,1.123456789
user_100,0,14727,23654,0.87,none,0,1,"user_040, user_190, user_180",2,0,"[28749.63, 14523.69, 8547.12, 19856.32, 26547.89]","[1, 1, 0, 0, 1]",42,"Feeling stressed about bills., Worried about this month's EMI., Just got paid!",-1.27,TRUE,32345,31234,32345,31234,32345,31234,29876,28765,29876,28765,29876,28765,1.087654321
user_101,1,0,14587,0,paid,0,0,"user_007, user_191, user_161",0,3,"[14523.69, 8547.12, 19856.32, 26547.89, 28749.63]","[1, 1, 0, 0, 1]",23,"Just got paid!, Excited for my bonus!, Managing finances better now.",0.59,FALSE,38765,39876,38765,39876,38765,39876,28765,29876,28765,29876,28765,29876,1.356789012
user_102,0,23636,17548,0,none,0,0,"user_020, user_192, user_172",0,1,"[8547.12, 19856.32, 26547.89, 28749.63, 14523.69]","[1, 1, 0, 0, 1]",31,"Managing finances better now., Just got paid!, Feeling stressed about bills.",0,TRUE,37654,36543,37654,36543,37654,36543,29876,28765,29876,28765,29876,28765,1.245678901
user_103,1,0,22458,1.05,ongoing,120,1,"user_043, user_193, user_183",1,0,"[19856.32, 26547.89, 28749.63, 14523.69, 8547.12]","[1, 1, 0, 0, 1]",37,"Worried about this month's EMI., Feeling stressed about bills., Just got paid!",-1.05,TRUE,34321,33210,34321,33210,34321,33210,29876,28765,29876,28765,29876,28765,1.123456789
user_104,0,14640,23654,0.9,none,0,1,"user_044, user_194, user_184",2,0,"[26547.89, 28749.63, 14523.69, 8547.12, 19856.32]","[1, 1, 0, 0, 1]",43,"Feeling stressed about bills., Worried about this month's EMI., Just got paid!",-1.3,FALSE,32345,31234,32345,31234,32345,31234,29876,28765,29876,28765,29876,28765,1.087654321
user_105,1,0,14587,0,paid,0,0,"user_045, user_195, user_165",0,3,"[28749.63, 14523.69, 8547.12, 19856.32, 26547.89]","[1, 1, 0, 0, 1]",24,"Just got paid!, Excited for my bonus!, Managing finances better now.",0.57,TRUE,38765,39876,38765,39876,38765,39876,28765,29876,28765,29876,28765,29876,1.356789012
user_106,0,22549,17548,0,none,0,0,"user_046, user_196, user_176",0,1,"[14523.69, 8547.12, 19856.32, 26547.89, 28749.63]","[1, 1, 0, 0, 1]",32,"Managing finances better now., Just got paid!, Feeling stressed about bills.",0,TRUE,37654,36543,37654,36543,37654,36543,29876,28765,29876,28765,29876,28765,1.245678901
user_107,1,0,22458,1.08,ongoing,126,1,"user_047, user_197, user_187",1,0,"[8547.12, 19856.32, 26547.89, 28749.63, 14523.69]","[1, 1, 0, 0, 1]",38,"Worried about this month's EMI., Feeling stressed about bills., Just got paid!",-1.08,FALSE,34321,33210,34321,33210,34321,33210,29876,28765,29876,28765,29876,28765,1.123456789
user_108,0,14553,23654,0.93,none,0,1,"user_048, user_198, user_188",2,0,"[19856.32, 26547.89, 28749.63, 14523.69, 8547.12]","[1, 1, 0, 0, 1]",44,"Feeling stressed about bills., Worried about this month's EMI., Just got paid!",-1.33,TRUE,32345,31234,32345,31234,32345,31234,29876,28765,29876,28765,29876,28765,1.087654321
user_109,1,0,14587,0,paid,0,0,"user_049, user_199, user_169",0,3,"[26547.89, 28749.63, 14523.69, 8547.12, 19856.32]","[1, 1, 0, 0, 1]",25,"Just got paid!, Excited for my bonus!, Managing finances better now.",0.55,TRUE,38765,39876,38765,39876,38765,39876,28765,29876,28765,29876,28765,29876,1.356789012
user_110,0,21462,17548,0,none,0,0,"user_016, user_190, user_180",0,1,"[28749.63, 14523.69, 8547.12, 19856.32, 26547.89]","[1, 1, 0, 0, 1]",33,"Managing finances better now., Just got paid!, Feeling stressed about bills.",0,FALSE,37654,36543,37654,36543,37654,36543,29876,28765,29876,28765,29876,28765,1.245678901
user_111,1,0,22458,1.11,ongoing,132,1,"user_011, user_191, user_181",1,0,"[14523.69, 8547.12, 19856.32, 26547.89, 28749.63]","[1, 1, 0, 0, 1]",39,"Worried about this month's EMI., Feeling stressed about bills., Just got paid!",-1.11,TRUE,34321,33210,34321,33210,34321,33210,29876,28765,29876,28765,29876,28765,1.123456789
user_112,0,14466,23654,0.96,none,0,1,"user_006, user_192, user_182",2,0,"[8547.12, 19856.32, 26547.89, 28749.63, 14523.69]","[1, 1, 0, 0, 1]",45,"Feeling stressed about bills., Worried about this month's EMI., Just got paid!",-1.36,TRUE,32345,31234,32345,31234,32345,31234,29876,28765,29876,28765,29876,28765,1.087654321
user_113,1,0,14587,0,paid,0,0,"user_053, user_193, user_173",0,3,"[19856.32, 26547.89, 28749.63, 14523.69, 8547.12]","[1, 1, 0, 0, 1]",26,"Just got paid!, Excited for my bonus!, Managing finances better now.",0.53,TRUE,38765,39876,38765,39876,38765,39876,28765,29876,28765,29876,28765,29876,1.356789012
user_114,0,20375,17548,0,none,0,0,"user_054, user_194, user_184",0,1,"[26547.89, 28749.63, 14523.69, 8547.12, 19856.32]","[1, 1, 0, 0, 1]",34,"Managing finances better now., Just got paid!, Feeling stressed about bills.",0,FALSE,37654,36543,37654,36543,37654,36543,29876,28765,29876,28765,29876,28765,1.245678901
user_115,1,0,22458,1.14,ongoing,138,1,"user_055, user_195, user_185",1,0,"[28749.63, 14523.69, 8547.12, 19856.32, 26547.89]","[1, 1, 0, 0, 1]",40,"Worried about this month's EMI., Feeling stressed about bills., Just got paid!",-1.14,TRUE,34321,33210,34321,33210,34321,33210,29876,28765,29876,28765,29876,28765,1.123456789
user_116,0,14379,23654,0.99,none,0,1,"user_056, user_196, user_186",2,0,"[14523.69, 8547.12, 19856.32, 26547.89, 28749.63]","[1, 1, 0, 0, 1]",46,"Feeling stressed about bills., Worried about this month's EMI., Just got paid!",-1.39,TRUE,32345,31234,32345,31234,32345,31234,29876,28765,29876,28765,29876,28765,1.087654321
user_117,1,0,14587,0,paid,0,0,"user_197, user_057, user_177",0,3,"[8547.12, 19856.32, 26547.89, 28749.63, 14523.69]","[1, 1, 0, 0, 1]",27,"Just got paid!, Excited for my bonus!, Managing finances better now.",0.51,TRUE,38765,39876,38765,39876,38765,39876,28765,29876,28765,29876,28765,29876,1.356789012
user_118,0,19288,17548,0,none,0,0,"user_001, user_058, user_188",0,1,"[19856.32, 26547.89, 28749.63, 14523.69, 8547.12]","[1, 1, 0, 0, 1]",35,"Managing finances better now., Just got paid!, Feeling stressed about bills.",0,TRUE,37654,36543,37654,36543,37654,36543,29876,28765,29876,28765,29876,28765,1.245678901
user_119,1,0,22458,1.17,ongoing,144,1,"user_049, user_059, user_189",1,0,"[26547.89, 28749.63, 14523.69, 8547.12, 19856.32]","[1, 1, 0, 0, 1]",41,"Worried about this month's EMI., Feeling stressed about bills., Just got paid!",-1.17,FALSE,34321,33210,34321,33210,34321,33210,29876,28765,29876,28765,29876,28765,1.123456789
user_120,0,14292,23654,1.02,none,0,1,"user_040, user_060, user_180",2,0,"[28749.63, 14523.69, 8547.12, 19856.32, 26547.89]","[1, 1, 0, 0, 1]",47,"Feeling stressed about bills., Worried about this month's EMI., Just got paid!",-1.42,TRUE,32345,31234,32345,31234,32345,31234,29876,28765,29876,28765,29876,28765,1.087654321
user_121,1,0,14587,0,paid,0,0,"user_014, user_061, user_181",0,3,"[14523.69, 8547.12, 19856.32, 26547.89, 28749.63]","[1, 1, 0, 0, 1]",28,"Just got paid!, Excited for my bonus!, Managing finances better now.",0.49,TRUE,38765,39876,38765,39876,38765,39876,28765,29876,28765,29876,28765,29876,1.356789012
user_122,0,18201,17548,0,none,0,0,"user_021, user_062, user_182",0,1,"[8547.12, 19856.32, 26547.89, 28749.63, 14523.69]","[1, 1, 0, 0, 1]",36,"Managing finances better now., Just got paid!, Feeling stressed about bills.",0,TRUE,37654,36543,37654,36543,37654,36543,29876,28765,29876,28765,29876,28765,1.245678901
user_123,1,0,22458,1.2,ongoing,150,1,"user_008, user_063, user_183",1,0,"[19856.32, 26547.89, 28749.63, 14523.69, 8547.12]","[1, 1, 0, 0, 1]",42,"Worried about this month's EMI., Feeling stressed about bills., Just got paid!",-1.2,FALSE,34321,33210,34321,33210,34321,33210,29876,28765,29876,28765,29876,28765,1.123456789
user_124,0,14205,23654,1.05,none,0,1,"user_024, user_064, user_184",2,0,"[26547.89, 28749.63, 14523.69, 8547.12, 19856.32]","[1, 1, 0, 0, 1]",48,"Feeling stressed about bills., Worried about this month's EMI., Just got paid!",-1.45,TRUE,32345,31234,32345,31234,32345,31234,29876,28765,29876,28765,29876,28765,1.087654321
user_125,1,0,14587,0,paid,0,0,"user_185, user_065, user_185",0,3,"[28749.63, 14523.69, 8547.12, 19856.32, 26547.89]","[1, 1, 0, 0, 1]",29,"Just got paid!, Excited for my bonus!, Managing finances better now.",0.47,TRUE,38765,39876,38765,39876,38765,39876,28765,29876,28765,29876,28765,29876,1.356789012
user_126,0,17114,17548,0,none,0,0,"user_186, user_066, user_186",0,1,"[14523.69, 8547.12, 19856.32, 26547.89, 28749.63]","[1, 1, 0, 0, 1]",37,"Managing finances better now., Just got paid!, Feeling stressed about bills.",0,TRUE,37654,36543,37654,36543,37654,36543,29876,28765,29876,28765,29876,28765,1.245678901
user_127,1,0,22458,1.23,ongoing,156,1,"user_005, user_027, user_187",1,0,"[8547.12, 19856.32, 26547.89, 28749.63, 14523.69]","[1, 1, 0, 0, 1]",43,"Worried about this month's EMI., Feeling stressed about bills., Just got paid!",-1.23,FALSE,34321,33210,34321,33210,34321,33210,29876,28765,29876,28765,29876,28765,1.123456789
user_128,0,14118,23654,1.08,none,0,1,"user_017, user_028, user_188",2,0,"[19856.32, 26547.89, 28749.63, 14523.69, 8547.12]","[1, 1, 0, 0, 1]",49,"Feeling stressed about bills., Worried about this month's EMI., Just got paid!",-1.48,TRUE,32345,31234,32345,31234,32345,31234,29876,28765,29876,28765,29876,28765,1.087654321
user_129,1,0,14587,0,paid,0,0,"user_029, user_069, user_189",0,3,"[26547.89, 28749.63, 14523.69, 8547.12, 19856.32]","[1, 1, 0, 0, 1]",30,"Just got paid!, Excited for my bonus!, Managing finances better now.",0.45,TRUE,38765,39876,38765,39876,38765,39876,28765,29876,28765,29876,28765,29876,1.356789012
user_130,0,16027,17548,0,none,0,0,"user_002, user_030, user_190",0,1,"[28749.63, 14523.69, 8547.12, 19856.32, 26547.89]","[1, 1, 0, 0, 1]",38,"Managing finances better now., Just got paid!, Feeling stressed about bills.",0,FALSE,37654,36543,37654,36543,37654,36543,29876,28765,29876,28765,29876,28765,1.245678901
user_131,1,0,22458,1.26,ongoing,162,1,"user_002, user_031, user_191",1,0,"[14523.69, 8547.12, 19856.32, 26547.89, 28749.63]","[1, 1, 0, 0, 1]",44,"Worried about this month's EMI., Feeling stressed about bills., Just got paid!",-1.26,TRUE,34321,33210,34321,33210,34321,33210,29876,28765,29876,28765,29876,28765,1.123456789
user_132,0,14031,23654,1.11,none,0,1,"user_022, user_032, user_192",2,0,"[8547.12, 19856.32, 26547.89, 28749.63, 14523.69]","[1, 1, 0, 0, 1]",50,"Feeling stressed about bills., Worried about this month's EMI., Just got paid!",-1.51,TRUE,32345,31234,32345,31234,32345,31234,29876,28765,29876,28765,29876,28765,1.087654321
user_133,1,0,14587,0,paid,0,0,"user_011, user_033, user_193",0,3,"[19856.32, 26547.89, 28749.63, 14523.69, 8547.12]","[1, 1, 0, 0, 1]",31,"Just got paid!, Excited for my bonus!, Managing finances better now.",0.43,TRUE,38765,39876,38765,39876,38765,39876,28765,29876,28765,29876,28765,29876,1.356789012
user_134,0,15940,17548,0,none,0,0,"user_034, user_074, user_194",0,1,"[26547.89, 28749.63, 14523.69, 8547.12, 19856.32]","[1, 1, 0, 0, 1]",39,"Managing finances better now., Just got paid!, Feeling stressed about bills.",0,TRUE,37654,36543,37654,36543,37654,36543,29876,28765,29876,28765,29876,28765,1.245678901
user_135,1,0,22458,1.29,ongoing,168,1,"user_006, user_035, user_195",1,0,"[28749.63, 14523.69, 8547.12, 19856.32, 26547.89]","[1, 1, 0, 0, 1]",45,"Worried about this month's EMI., Feeling stressed about bills., Just got paid!",-1.29,FALSE,34321,33210,34321,33210,34321,33210,29876,28765,29876,28765,29876,28765,1.123456789
user_136,0,13944,23654,1.14,none,0,1,"user_036, user_066, user_196",2,0,"[14523.69, 8547.12, 19856.32, 26547.89, 28749.63]","[1, 1, 0, 0, 1]",51,"Feeling stressed about bills., Worried about this month's EMI., Just got paid!",-1.54,TRUE,32345,31234,32345,31234,32345,31234,29876,28765,29876,28765,29876,28765,1.087654321
user_137,1,0,14587,0,paid,0,0,"user_005, user_037, user_197",0,3,"[8547.12, 19856.32, 26547.89, 28749.63, 14523.69]","[1, 1, 0, 0, 1]",32,"Just got paid!, Excited for my bonus!, Managing finances better now.",0.41,TRUE,38765,39876,38765,39876,38765,39876,28765,29876,28765,29876,28765,29876,1.356789012
user_138,0,15853,17548,0,none,0,0,"user_038, user_078, user_198",0,1,"[19856.32, 26547.89, 28749.63, 14523.69, 8547.12]","[1, 1, 0, 0, 1]",40,"Managing finances better now., Just got paid!, Feeling stressed about bills.",0,TRUE,37654,36543,37654,36543,37654,36543,29876,28765,29876,28765,29876,28765,1.245678901
user_139,1,0,22458,1.32,ongoing,174,1,"user_019, user_039, user_199",1,0,"[26547.89, 28749.63, 14523.69, 8547.12, 19856.32]","[1, 1, 0, 0, 1]",46,"Worried about this month's EMI., Feeling stressed about bills., Just got paid!",-1.32,FALSE,34321,33210,34321,33210,34321,33210,29876,28765,29876,28765,29876,28765,1.123456789
user_140,0,13857,23654,1.17,none,0,1,"user_014, user_040, user_190",2,0,"[28749.63, 14523.69, 8547.12, 19856.32, 26547.89]","[1, 1, 0, 0, 1]",52,"Feeling stressed about bills., Worried about this month's EMI., Just got paid!",-1.57,TRUE,32345,31234,32345,31234,32345,31234,29876,28765,29876,28765,29876,28765,1.087654321
user_141,1,0,14587,0,paid,0,0,"user_041, user_081, user_191",0,3,"[14523.69, 8547.12, 19856.32, 26547.89, 28749.63]","[1, 1, 0, 0, 1]",33,"Just got paid!, Excited for my bonus!, Managing finances better now.",0.39,TRUE,38765,39876,38765,39876,38765,39876,28765,29876,28765,29876,28765,29876,1.356789012
user_142,0,15766,17548,0,none,0,0,"user_042, user_082, user_192",0,1,"[8547.12, 19856.32, 26547.89, 28749.63, 14523.69]","[1, 1, 0, 0, 1]",41,"Managing finances better now., Just got paid!, Feeling stressed about bills.",0,TRUE,37654,36543,37654,36543,37654,36543,29876,28765,29876,28765,29876,28765,1.245678901
user_143,1,0,22458,1.35,ongoing,180,1,"user_010, user_043, user_193",1,0,"[19856.32, 26547.89, 28749.63, 14523.69, 8547.12]","[1, 1, 0, 0, 1]",47,"Worried about this month's EMI., Feeling stressed about bills., Just got paid!",-1.35,FALSE,34321,33210,34321,33210,34321,33210,29876,28765,29876,28765,29876,28765,1.123456789
user_144,0,13770,23654,1.2,none,0,1,"user_044, user_084, user_194",2,0,"[26547.89, 28749.63, 14523.69, 8547.12, 19856.32]","[1, 1, 0, 0, 1]",53,"Feeling stressed about bills., Worried about this month's EMI., Just got paid!",-1.6,TRUE,32345,31234,32345,31234,32345,31234,29876,28765,29876,28765,29876,28765,1.087654321
user_145,1,0,14587,0,paid,0,0,"user_023, user_045, user_195",0,3,"[28749.63, 14523.69, 8547.12, 19856.32, 26547.89]","[1, 1, 0, 0, 1]",34,"Just got paid!, Excited for my bonus!, Managing finances better now.",0.37,TRUE,38765,39876,38765,39876,38765,39876,28765,29876,28765,29876,28765,29876,1.356789012
user_146,0,15679,17548,0,none,0,0,"user_026, user_086, user_196",0,1,"[14523.69, 8547.12, 19856.32, 26547.89, 28749.63]","[1, 1, 0, 0, 1]",42,"Managing finances better now., Just got paid!, Feeling stressed about bills.",0,TRUE,37654,36543,37654,36543,37654,36543,29876,28765,29876,28765,29876,28765,1.245678901
user_147,1,0,22458,1.38,ongoing,186,1,"user_047, user_087, user_197",1,0,"[8547.12, 19856.32, 26547.89, 28749.63, 14523.69]","[1, 1, 0, 0, 1]",48,"Worried about this month's EMI., Feeling stressed about bills., Just got paid!",-1.38,TRUE,34321,33210,34321,33210,34321,33210,29876,28765,29876,28765,29876,28765,1.123456789
user_148,0,13683,23654,1.23,none,0,1,"user_038, user_088, user_198",2,0,"[19856.32, 26547.89, 28749.63, 14523.69, 8547.12]","[1, 1, 0, 0, 1]",54,"Feeling stressed about bills., Worried about this month's EMI., Just got paid!",-1.63,FALSE,32345,31234,32345,31234,32345,31234,29876,28765,29876,28765,29876,28765,1.087654321
user_149,1,0,14587,0,paid,0,0,"user_089, user_049, user_199",0,3,"[26547.89, 28749.63, 14523.69, 8547.12, 19856.32]","[1, 1, 0, 0, 1]",35,"Just got paid!, Excited for my bonus!, Managing finances better now.",0.35,TRUE,38765,39876,38765,39876,38765,39876,28765,29876,28765,29876,28765,29876,1.356789012
user_150,0,15592,17548,0,none,0,0,"user_015, user_050, user_190",0,1,"[28749.63, 14523.69, 8547.12, 19856.32, 26547.89]","[1, 1, 0, 0, 1]",43,"Managing finances better now., Just got paid!, Feeling stressed about bills.",0,TRUE,37654,36543,37654,36543,37654,36543,29876,28765,29876,28765,29876,28765,1.245678901
user_151,1,0,22458,1.41,ongoing,192,1,"user_071, user_051, user_191",1,0,"[14523.69, 8547.12, 19856.32, 26547.89, 28749.63]","[1, 1, 0, 0, 1]",49,"Worried about this month's EMI., Feeling stressed about bills., Just got paid!",-1.41,TRUE,34321,33210,34321,33210,34321,33210,29876,28765,29876,28765,29876,28765,1.123456789
user_152,0,13596,23654,1.26,none,0,1,"user_052, user_092, user_192",2,0,"[8547.12, 19856.32, 26547.89, 28749.63, 14523.69]","[1, 1, 0, 0, 1]",55,"Feeling stressed about bills., Worried about this month's EMI., Just got paid!",-1.66,FALSE,32345,31234,32345,31234,32345,31234,29876,28765,29876,28765,29876,28765,1.087654321
user_153,1,0,14587,0,paid,0,0,"user_053, user_093, user_193",0,3,"[19856.32, 26547.89, 28749.63, 14523.69, 8547.12]","[1, 1, 0, 0, 1]",36,"Just got paid!, Excited for my bonus!, Managing finances better now.",0.33,TRUE,38765,39876,38765,39876,38765,39876,28765,29876,28765,29876,28765,29876,1.356789012
user_154,0,15505,17548,0,none,0,0,"user_007, user_054, user_194",0,1,"[26547.89, 28749.63, 14523.69, 8547.12, 19856.32]","[1, 1, 0, 0, 1]",44,"Managing finances better now., Just got paid!, Feeling stressed about bills.",0,TRUE,37654,36543,37654,36543,37654,36543,29876,28765,29876,28765,29876,28765,1.245678901
user_155,1,0,22458,1.44,ongoing,198,1,"user_005, user_055, user_195",1,0,"[28749.63, 14523.69, 8547.12, 19856.32, 26547.89]","[1, 1, 0, 0, 1]",50,"Worried about this month's EMI., Feeling stressed about bills., Just got paid!",-1.44,TRUE,34321,33210,34321,33210,34321,33210,29876,28765,29876,28765,29876,28765,1.123456789
user_156,0,13509,23654,1.29,none,0,1,"user_025, user_056, user_196",2,0,"[14523.69, 8547.12, 19856.32, 26547.89, 28749.63]","[1, 1, 0, 0, 1]",56,"Feeling stressed about bills., Worried about this month's EMI., Just got paid!",-1.69,TRUE,32345,31234,32345,31234,32345,31234,29876,28765,29876,28765,29876,28765,1.087654321
user_157,1,0,14587,0,paid,0,0,"user_004, user_037, user_097",0,3,"[8547.12, 19856.32, 26547.89, 28749.63, 14523.69]","[1, 1, 0, 0, 1]",37,"Just got paid!, Excited for my bonus!, Managing finances better now.",0.31,FALSE,38765,39876,38765,39876,38765,39876,28765,29876,28765,29876,28765,29876,1.356789012
user_158,0,15418,17548,0,none,0,0,"user_028, user_068, user_198",0,1,"[19856.32, 26547.89, 28749.63, 14523.69, 8547.12]","[1, 1, 0, 0, 1]",45,"Managing finances better now., Just got paid!, Feeling stressed about bills.",0,TRUE,37654,36543,37654,36543,37654,36543,29876,28765,29876,28765,29876,28765,1.245678901
user_159,1,0,22458,1.47,ongoing,204,1,"user_059, user_099, user_199",1,0,"[26547.89, 28749.63, 14523.69, 8547.12, 19856.32]","[1, 1, 0, 0, 1]",51,"Worried about this month's EMI., Feeling stressed about bills., Just got paid!",-1.47,TRUE,34321,33210,34321,33210,34321,33210,29876,28765,29876,28765,29876,28765,1.123456789
user_160,0,13422,23654,1.32,none,0,1,"user_030, user_060, user_190",2,0,"[28749.63, 14523.69, 8547.12, 19856.32, 26547.89]","[1, 1, 0, 0, 1]",57,"Feeling stressed about bills., Worried about this month's EMI., Just got paid!",-1.72,TRUE,32345,31234,32345,31234,32345,31234,29876,28765,29876,28765,29876,28765,1.087654321
user_161,1,0,14587,0,paid,0,0,"user_061, user_101, user_191",0,3,"[14523.69, 8547.12, 19856.32, 26547.89, 28749.63]","[1, 1, 0, 0, 1]",38,"Just got paid!, Excited for my bonus!, Managing finances better now.",0.29,FALSE,38765,39876,38765,39876,38765,39876,28765,29876,28765,29876,28765,29876,1.356789012
user_162,0,15331,17548,0,none,0,0,"user_003, user_062, user_192",0,1,"[8547.12, 19856.32, 26547.89, 28749.63, 14523.69]","[1, 1, 0, 0, 1]",46,"Managing finances better now., Just got paid!, Feeling stressed about bills.",0,TRUE,37654,36543,37654,36543,37654,36543,29876,28765,29876,28765,29876,28765,1.245678901
user_163,1,0,22458,1.5,ongoing,210,1,"user_063, user_103, user_193",1,0,"[19856.32, 26547.89, 28749.63, 14523.69, 8547.12]","[1, 1, 0, 0, 1]",52,"Worried about this month's EMI., Feeling stressed about bills., Just got paid!",-1.5,TRUE,34321,33210,34321,33210,34321,33210,29876,28765,29876,28765,29876,28765,1.123456789
user_164,0,13335,23654,1.35,none,0,1,"user_064, user_104, user_194",2,0,"[26547.89, 28749.63, 14523.69, 8547.12, 19856.32]","[1, 1, 0, 0, 1]",58,"Feeling stressed about bills., Worried about this month's EMI., Just got paid!",-1.75,TRUE,32345,31234,32345,31234,32345,31234,29876,28765,29876,28765,29876,28765,1.087654321
user_165,1,0,14587,0,paid,0,0,"user_020, user_065, user_195",0,3,"[28749.63, 14523.69, 8547.12, 19856.32, 26547.89]","[1, 1, 0, 0, 1]",39,"Just got paid!, Excited for my bonus!, Managing finances better now.",0.27,FALSE,38765,39876,38765,39876,38765,39876,28765,29876,28765,29876,28765,29876,1.356789012
user_166,0,15244,17548,0,none,0,0,"user_036, user_066, user_196",0,1,"[14523.69, 8547.12, 19856.32, 26547.89, 28749.63]","[1, 1, 0, 0, 1]",47,"Managing finances better now., Just got paid!, Feeling stressed about bills.",0,TRUE,37654,36543,37654,36543,37654,36543,29876,28765,29876,28765,29876,28765,1.245678901
user_167,1,0,22458,1.53,ongoing,216,1,"user_009, user_067, user_197",1,0,"[8547.12, 19856.32, 26547.89, 28749.63, 14523.69]","[1, 1, 0, 0, 1]",53,"Worried about this month's EMI., Feeling stressed about bills., Just got paid!",-1.53,TRUE,34321,33210,34321,33210,34321,33210,29876,28765,29876,28765,29876,28765,1.123456789
user_168,0,13248,23654,1.38,none,0,1,"user_068, user_108, user_198",2,0,"[19856.32, 26547.89, 28749.63, 14523.69, 8547.12]","[1, 1, 0, 0, 1]",59,"Feeling stressed about bills., Worried about this month's EMI., Just got paid!",-1.78,TRUE,32345,31234,32345,31234,32345,31234,29876,28765,29876,28765,29876,28765,1.087654321
user_169,1,0,14587,0,paid,0,0,"user_027, user_069, user_199",0,3,"[26547.89, 28749.63, 14523.69, 8547.12, 19856.32]","[1, 1, 0, 0, 1]",40,"Just got paid!, Excited for my bonus!, Managing finances better now.",0.25,TRUE,38765,39876,38765,39876,38765,39876,28765,29876,28765,29876,28765,29876,1.356789012
user_170,0,15157,17548,0,none,0,0,"user_017, user_070, user_190",0,1,"[28749.63, 14523.69, 8547.12, 19856.32, 26547.89]","[1, 1, 0, 0, 1]",48,"Managing finances better now., Just got paid!, Feeling stressed about bills.",0,FALSE,37654,36543,37654,36543,37654,36543,29876,28765,29876,28765,29876,28765,1.245678901
user_171,1,0,22458,1.56,ongoing,222,1,"user_071, user_091, user_191",1,0,"[14523.69, 8547.12, 19856.32, 26547.89, 28749.63]","[1, 1, 0, 0, 1]",54,"Worried about this month's EMI., Feeling stressed about bills., Just got paid!",-1.56,TRUE,34321,33210,34321,33210,34321,33210,29876,28765,29876,28765,29876,28765,1.123456789
user_172,0,13161,23654,1.41,none,0,1,"user_072, user_092, user_192",2,0,"[8547.12, 19856.32, 26547.89, 28749.63, 14523.69]","[1, 1, 0, 0, 1]",60,"Feeling stressed about bills., Worried about this month's EMI., Just got paid!",-1.81,TRUE,32345,31234,32345,31234,32345,31234,29876,28765,29876,28765,29876,28765,1.087654321
user_173,1,0,14587,0,paid,0,0,"user_073, user_093, user_193",0,3,"[19856.32, 26547.89, 28749.63, 14523.69, 8547.12]","[1, 1, 0, 0, 1]",41,"Just got paid!, Excited for my bonus!, Managing finances better now.",0.23,TRUE,38765,39876,38765,39876,38765,39876,28765,29876,28765,29876,28765,29876,1.356789012
user_174,0,15070,17548,0,none,0,0,"user_074, user_084, user_194",0,1,"[26547.89, 28749.63, 14523.69, 8547.12, 19856.32]","[1, 1, 0, 0, 1]",49,"Managing finances better now., Just got paid!, Feeling stressed about bills.",0,TRUE,37654,36543,37654,36543,37654,36543,29876,28765,29876,28765,29876,28765,1.245678901
user_175,1,0,22458,1.59,ongoing,228,1,"user_035, user_075, user_195",1,0,"[28749.63, 14523.69, 8547.12, 19856.32, 26547.89]","[1, 1, 0, 0, 1]",55,"Worried about this month's EMI., Feeling stressed about bills., Just got paid!",-1.59,FALSE,34321,33210,34321,33210,34321,33210,29876,28765,29876,28765,29876,28765,1.123456789
user_176,0,13074,23654,1.44,none,0,1,"user_012, user_076, user_196",2,0,"[14523.69, 8547.12, 19856.32, 26547.89, 28749.63]","[1, 1, 0, 0, 1]",61,"Feeling stressed about bills., Worried about this month's EMI., Just got paid!",-1.84,TRUE,32345,31234,32345,31234,32345,31234,29876,28765,29876,28765,29876,28765,1.087654321
user_177,1,0,14587,0,paid,0,0,"user_077, user_117, user_197",0,3,"[8547.12, 19856.32, 26547.89, 28749.63, 14523.69]","[1, 1, 0, 0, 1]",42,"Just got paid!, Excited for my bonus!, Managing finances better now.",0.21,TRUE,38765,39876,38765,39876,38765,39876,28765,29876,28765,29876,28765,29876,1.356789012
user_178,0,14983,17548,0,none,0,0,"user_078, user_088, user_198",0,1,"[19856.32, 26547.89, 28749.63, 14523.69, 8547.12]","[1, 1, 0, 0, 1]",50,"Managing finances better now., Just got paid!, Feeling stressed about bills.",0,TRUE,37654,36543,37654,36543,37654,36543,29876,28765,29876,28765,29876,28765,1.245678901
user_179,1,0,22458,1.62,ongoing,234,1,"user_029, user_089, user_199",1,0,"[26547.89, 28749.63, 14523.69, 8547.12, 19856.32]","[1, 1, 0, 0, 1]",56,"Worried about this month's EMI., Feeling stressed about bills., Just got paid!",-1.62,TRUE,34321,33210,34321,33210,34321,33210,29876,28765,29876,28765,29876,28765,1.123456789
user_180,0,12987,23654,1.47,none,0,1,"user_018, user_080, user_100",2,0,"[28749.63, 14523.69, 8547.12, 19856.32, 26547.89]","[1, 1, 0, 0, 1]",62,"Feeling stressed about bills., Worried about this month's EMI., Just got paid!",-1.87,FALSE,32345,31234,32345,31234,32345,31234,29876,28765,29876,28765,29876,28765,1.087654321
user_181,1,0,14587,0,paid,0,0,"user_081, user_121, user_101",0,3,"[14523.69, 8547.12, 19856.32, 26547.89, 28749.63]","[1, 1, 0, 0, 1]",43,"Just got paid!, Excited for my bonus!, Managing finances better now.",0.19,TRUE,38765,39876,38765,39876,38765,39876,28765,29876,28765,29876,28765,29876,1.356789012
user_182,0,14896,17548,0,none,0,0,"user_082, user_122, user_102",0,1,"[8547.12, 19856.32, 26547.89, 28749.63, 14523.69]","[1, 1, 0, 0, 1]",51,"Managing finances better now., Just got paid!, Feeling stressed about bills.",0,TRUE,37654,36543,37654,36543,37654,36543,29876,28765,29876,28765,29876,28765,1.245678901
user_183,1,0,22458,1.65,ongoing,240,1,"user_083, user_123, user_103",1,0,"[19856.32, 26547.89, 28749.63, 14523.69, 8547.12]","[1, 1, 0, 0, 1]",57,"Worried about this month's EMI., Feeling stressed about bills., Just got paid!",-1.65,TRUE,34321,33210,34321,33210,34321,33210,29876,28765,29876,28765,29876,28765,1.123456789
user_184,0,12900,23654,1.5,none,0,1,"user_034, user_084, user_104",2,0,"[26547.89, 28749.63, 14523.69, 8547.12, 19856.32]","[1, 1, 0, 0, 1]",63,"Feeling stressed about bills., Worried about this month's EMI., Just got paid!",-1.9,FALSE,32345,31234,32345,31234,32345,31234,29876,28765,29876,28765,29876,28765,1.087654321
user_185,1,0,14587,0,paid,0,0,"user_085, user_125, user_105",0,3,"[28749.63, 14523.69, 8547.12, 19856.32, 26547.89]","[1, 1, 0, 0, 1]",44,"Just got paid!, Excited for my bonus!, Managing finances better now.",0.17,TRUE,38765,39876,38765,39876,38765,39876,28765,29876,28765,29876,28765,29876,1.356789012
user_186,0,14809,17548,0,none,0,0,"user_001, user_086, user_126",0,1,"[14523.69, 8547.12, 19856.32, 26547.89, 28749.63]","[1, 1, 0, 0, 1]",52,"Managing finances better now., Just got paid!, Feeling stressed about bills.",0,TRUE,37654,36543,37654,36543,37654,36543,29876,28765,29876,28765,29876,28765,1.245678901
user_187,1,0,22458,1.68,ongoing,246,1,"user_013, user_087, user_127",1,0,"[8547.12, 19856.32, 26547.89, 28749.63, 14523.69]","[1, 1, 0, 0, 1]",58,"Worried about this month's EMI., Feeling stressed about bills., Just got paid!",-1.68,TRUE,34321,33210,34321,33210,34321,33210,29876,28765,29876,28765,29876,28765,1.123456789
user_188,0,12813,23654,1.53,none,0,1,"user_024, user_088, user_128",2,0,"[19856.32, 26547.89, 28749.63, 14523.69, 8547.12]","[1, 1, 0, 0, 1]",64,"Feeling stressed about bills., Worried about this month's EMI., Just got paid!",-1.93,FALSE,32345,31234,32345,31234,32345,31234,29876,28765,29876,28765,29876,28765,1.087654321
user_189,1,0,14587,0,paid,0,0,"user_008, user_089, user_129",0,3,"[26547.89, 28749.63, 14523.69, 8547.12, 19856.32]","[1, 1, 0, 0, 1]",45,"Just got paid!, Excited for my bonus!, Managing finances better now.",0.15,TRUE,38765,39876,38765,39876,38765,39876,28765,29876,28765,29876,28765,29876,1.356789012
user_190,0,14722,17548,0,none,0,0,"user_020, user_090, user_150",0,1,"[28749.63, 14523.69, 8547.12, 19856.32, 26547.89]","[1, 1, 0, 0, 1]",53,"Managing finances better now., Just got paid!, Feeling stressed about bills.",0,TRUE,37654,36543,37654,36543,37654,36543,29876,28765,29876,28765,29876,28765,1.245678901
user_191,1,0,22458,1.71,ongoing,252,1,"user_011, user_091, user_141",1,0,"[14523.69, 8547.12, 19856.32, 26547.89, 28749.63]","[1, 1, 0, 0, 1]",59,"Worried about this month's EMI., Feeling stressed about bills., Just got paid!",-1.71,TRUE,34321,33210,34321,33210,34321,33210,29876,28765,29876,28765,29876,28765,1.123456789
user_192,0,12726,23654,1.56,none,0,1,"user_032, user_092, user_142",2,0,"[8547.12, 19856.32, 26547.89, 28749.63, 14523.69]","[1, 1, 0, 0, 1]",65,"Feeling stressed about bills., Worried about this month's EMI., Just got paid!",-1.96,FALSE,32345,31234,32345,31234,32345,31234,29876,28765,29876,28765,29876,28765,1.087654321
user_193,1,0,14587,0,paid,0,0,"user_033, user_093, user_143",0,3,"[19856.32, 26547.89, 28749.63, 14523.69, 8547.12]","[1, 1, 0, 0, 1]",46,"Just got paid!, Excited for my bonus!, Managing finances better now.",0.13,TRUE,38765,39876,38765,39876,38765,39876,28765,29876,28765,29876,28765,29876,1.356789012
user_194,0,14639,17548,0,none,0,0,"user_034, user_094, user_144",0,1,"[26547.89, 28749.63, 14523.69, 8547.12, 19856.32]","[1, 1, 0, 0, 1]",54,"Managing finances better now., Just got paid!, Feeling stressed about bills.",0,TRUE,37654,36543,37654,36543,37654,36543,29876,28765,29876,28765,29876,28765,1.245678901
user_195,1,0,22458,1.74,ongoing,258,1,"user_035, user_095, user_145",1,0,"[28749.63, 14523.69, 8547.12, 19856.32, 26547.89]","[1, 1, 0, 0, 1]",60,"Worried about this month's EMI., Feeling stressed about bills., Just got paid!",-1.74,TRUE,34321,33210,34321,33210,34321,33210,29876,28765,29876,28765,29876,28765,1.123456789
user_196,0,12639,23654,1.59,none,0,1,"user_056, user_096, user_146",2,0,"[14523.69, 8547.12, 19856.32, 26547.89, 28749.63]","[1, 1, 0, 0, 1]",66,"Feeling stressed about bills., Worried about this month's EMI., Just got paid!",-1.99,FALSE,32345,31234,32345,31234,32345,31234,29876,28765,29876,28765,29876,28765,1.087654321
user_197,1,0,14587,0,paid,0,0,"user_010, user_097, user_147",0,3,"[8547.12, 19856.32, 26547.89, 28749.63, 14523.69]","[1, 1, 0, 0, 1]",47,"Just got paid!, Excited for my bonus!, Managing finances better now.",0.11,TRUE,38765,39876,38765,39876,38765,39876,28765,29876,28765,29876,28765,29876,1.356789012
user_198,0,14552,17548,0,none,0,0,"user_015, user_098, user_148",0,1,"[19856.32, 26547.89, 28749.63, 14523.69, 8547.12]","[1, 1, 0, 0, 1]",55,"Managing finances better now., Just got paid!, Feeling stressed about bills.",0,TRUE,37654,36543,37654,36543,37654,36543,29876,28765,29876,28765,29876,28765,1.245678901
user_199,1,0,22458,1.77,ongoing,264,1,"user_019, user_099, user_149",1,0,"[26547.89, 28749.63, 14523.69, 8547.12, 19856.32]","[1, 1, 0, 0, 1]",61,"Worried about this month's EMI., Feeling stressed about bills., Just got paid!",-1.77,TRUE,34321,33210,34321,33210,34321,33210,29876,28765,29876,28765,29876,28765,1.123456789
user_200,0,12552,23654,1.62,none,0,1,"user_100, user_150, user_190",2,0,"[28749.63, 14523.69, 8547.12, 19856.32, 26547.89]","[1, 1, 0, 0, 1]",67,"Feeling stressed about bills., Worried about this month's EMI., Just got paid!",-2.02,TRUE,32345,31234,32345,31234,32345,31234,29876,28765,29876,28765,29876,28765,1.087654321
